zone,hour_utc,sek_per_kwh
SE1,2026-10-04T22:00:00Z,0.04313
SE1,2026-10-04T23:00:00Z,0.03657
SE1,2026-10-05T00:00:00Z,0.03016
SE1,2026-10-05T01:00:00Z,0.02708
SE1,2026-10-05T02:00:00Z,0.03702
SE1,2026-10-05T03:00:00Z,0.07283
SE1,2026-10-05T04:00:00Z,0.09747
SE1,2026-10-05T05:00:00Z,0.14181
SE1,2026-10-05T06:00:00Z,0.15951
SE1,2026-10-05T07:00:00Z,0.21877
SE1,2026-10-05T08:00:00Z,0.2275
SE1,2026-10-05T09:00:00Z,0.1952
SE1,2026-10-05T10:00:00Z,0.1688
SE1,2026-10-05T11:00:00Z,0.08736
SE1,2026-10-05T12:00:00Z,0.08309
SE1,2026-10-05T13:00:00Z,0.05833
SE1,2026-10-05T14:00:00Z,0.03976
SE1,2026-10-05T15:00:00Z,0.02467
SE1,2026-10-05T16:00:00Z,0.02363
SE1,2026-10-05T17:00:00Z,0.02154
SE1,2026-10-05T18:00:00Z,0.01452
SE1,2026-10-05T19:00:00Z,0.01263
SE1,2026-10-05T20:00:00Z,0.00212
SE1,2026-10-05T21:00:00Z,-8e-05
SE1,2026-10-05T22:00:00Z,-0.00132
SE1,2026-10-05T23:00:00Z,-0.00332
SE1,2026-10-06T00:00:00Z,-0.00264
SE1,2026-10-06T01:00:00Z,-0.00416
SE1,2026-10-06T02:00:00Z,-0.00481
SE1,2026-10-06T03:00:00Z,-0.00115
SE1,2026-10-06T04:00:00Z,0.00587
SE1,2026-10-06T05:00:00Z,0.01813
SE1,2026-10-06T06:00:00Z,0.02187
SE1,2026-10-06T07:00:00Z,0.02078
SE1,2026-10-06T08:00:00Z,0.02092
SE1,2026-10-06T09:00:00Z,0.01897
SE1,2026-10-06T10:00:00Z,0.01765
SE1,2026-10-06T11:00:00Z,0.01377
SE1,2026-10-06T12:00:00Z,0.01827
SE1,2026-10-06T13:00:00Z,0.01976
SE1,2026-10-06T14:00:00Z,0.01352
SE1,2026-10-06T15:00:00Z,0.01591
SE1,2026-10-06T16:00:00Z,0.03292
SE1,2026-10-06T17:00:00Z,0.0226
SE1,2026-10-06T18:00:00Z,0.02159
SE1,2026-10-06T19:00:00Z,0.01813
SE1,2026-10-06T20:00:00Z,0.01172
SE1,2026-10-06T21:00:00Z,0.01068
SE2,2026-10-04T22:00:00Z,0.10106
SE2,2026-10-04T23:00:00Z,0.09383
SE2,2026-10-05T00:00:00Z,0.08538
SE2,2026-10-05T01:00:00Z,0.07879
SE2,2026-10-05T02:00:00Z,0.08662
SE2,2026-10-05T03:00:00Z,0.12692
SE2,2026-10-05T04:00:00Z,0.1722
SE2,2026-10-05T05:00:00Z,0.22578
SE2,2026-10-05T06:00:00Z,0.2336
SE2,2026-10-05T07:00:00Z,0.26515
SE2,2026-10-05T08:00:00Z,0.23163
SE2,2026-10-05T09:00:00Z,0.19503
SE2,2026-10-05T10:00:00Z,0.16841
SE2,2026-10-05T11:00:00Z,0.08733
SE2,2026-10-05T12:00:00Z,0.08809
SE2,2026-10-05T13:00:00Z,0.06288
SE2,2026-10-05T14:00:00Z,0.06675
SE2,2026-10-05T15:00:00Z,0.07868
SE2,2026-10-05T16:00:00Z,0.08978
SE2,2026-10-05T17:00:00Z,0.07269
SE2,2026-10-05T18:00:00Z,0.065
SE2,2026-10-05T19:00:00Z,0.04394
SE2,2026-10-05T20:00:00Z,0.0271
SE2,2026-10-05T21:00:00Z,0.00664
SE2,2026-10-05T22:00:00Z,0.0029
SE2,2026-10-05T23:00:00Z,0.00157
SE2,2026-10-06T00:00:00Z,0.00186
SE2,2026-10-06T01:00:00Z,0.00028
SE2,2026-10-06T02:00:00Z,0.00065
SE2,2026-10-06T03:00:00Z,0.00444
SE2,2026-10-06T04:00:00Z,0.02232
SE2,2026-10-06T05:00:00Z,0.06195
SE2,2026-10-06T06:00:00Z,0.02555
SE2,2026-10-06T07:00:00Z,0.02524
SE2,2026-10-06T08:00:00Z,0.02558
SE2,2026-10-06T09:00:00Z,0.02243
SE2,2026-10-06T10:00:00Z,0.01925
SE2,2026-10-06T11:00:00Z,0.0143
SE2,2026-10-06T12:00:00Z,0.021
SE2,2026-10-06T13:00:00Z,0.02153
SE2,2026-10-06T14:00:00Z,0.02788
SE2,2026-10-06T15:00:00Z,0.02443
SE2,2026-10-06T16:00:00Z,0.00484
SE2,2026-10-06T17:00:00Z,0.01192
SE2,2026-10-06T18:00:00Z,0.01051
SE2,2026-10-06T19:00:00Z,0.01484
SE2,2026-10-06T20:00:00Z,0.02712
SE2,2026-10-06T21:00:00Z,0.02783
SE3,2026-10-04T22:00:00Z,0.04429
SE3,2026-10-04T23:00:00Z,0.00788
SE3,2026-10-05T00:00:00Z,0.00596
SE3,2026-10-05T01:00:00Z,0.01817
SE3,2026-10-05T02:00:00Z,0.03372
SE3,2026-10-05T03:00:00Z,0.06986
SE3,2026-10-05T04:00:00Z,0.11254
SE3,2026-10-05T05:00:00Z,0.40767
SE3,2026-10-05T06:00:00Z,0.18729
SE3,2026-10-05T07:00:00Z,0.22609
SE3,2026-10-05T08:00:00Z,0.23807
SE3,2026-10-05T09:00:00Z,0.19401
SE3,2026-10-05T10:00:00Z,0.16592
SE3,2026-10-05T11:00:00Z,0.08733
SE3,2026-10-05T12:00:00Z,0.07408
SE3,2026-10-05T13:00:00Z,0.0338
SE3,2026-10-05T14:00:00Z,0.00514
SE3,2026-10-05T15:00:00Z,0.00164
SE3,2026-10-05T16:00:00Z,-3e-05
SE3,2026-10-05T17:00:00Z,-0.00051
SE3,2026-10-05T18:00:00Z,-0.01888
SE3,2026-10-05T19:00:00Z,-0.03807
SE3,2026-10-05T20:00:00Z,-0.04866
SE3,2026-10-05T21:00:00Z,-0.01571
SE3,2026-10-05T22:00:00Z,-0.00036
SE3,2026-10-05T23:00:00Z,0.00023
SE3,2026-10-06T00:00:00Z,0.00056
SE3,2026-10-06T01:00:00Z,-8e-05
SE3,2026-10-06T02:00:00Z,0.00014
SE3,2026-10-06T03:00:00Z,0.00593
SE3,2026-10-06T04:00:00Z,-0.0154
SE3,2026-10-06T05:00:00Z,-0.01476
SE3,2026-10-06T06:00:00Z,0.30625
SE3,2026-10-06T07:00:00Z,0.05439
SE3,2026-10-06T08:00:00Z,0.04759
SE3,2026-10-06T09:00:00Z,0.03379
SE3,2026-10-06T10:00:00Z,0.03067
SE3,2026-10-06T11:00:00Z,0.02996
SE3,2026-10-06T12:00:00Z,0.03845
SE3,2026-10-06T13:00:00Z,0.13591
SE3,2026-10-06T14:00:00Z,0.85041
SE3,2026-10-06T15:00:00Z,1.15084
SE3,2026-10-06T16:00:00Z,1.35727
SE3,2026-10-06T17:00:00Z,1.25389
SE3,2026-10-06T18:00:00Z,1.25616
SE3,2026-10-06T19:00:00Z,1.22994
SE3,2026-10-06T20:00:00Z,1.13344
SE3,2026-10-06T21:00:00Z,1.11418
SE4,2026-10-04T22:00:00Z,1.22747
SE4,2026-10-04T23:00:00Z,1.13393
SE4,2026-10-05T00:00:00Z,0.99019
SE4,2026-10-05T01:00:00Z,0.98626
SE4,2026-10-05T02:00:00Z,0.9879
SE4,2026-10-05T03:00:00Z,1.02512
SE4,2026-10-05T04:00:00Z,1.39812
SE4,2026-10-05T05:00:00Z,1.86768
SE4,2026-10-05T06:00:00Z,1.68256
SE4,2026-10-05T07:00:00Z,1.17273
SE4,2026-10-05T08:00:00Z,0.25164
SE4,2026-10-05T09:00:00Z,0.20735
SE4,2026-10-05T10:00:00Z,0.19639
SE4,2026-10-05T11:00:00Z,0.08761
SE4,2026-10-05T12:00:00Z,0.2487
SE4,2026-10-05T13:00:00Z,0.45218
SE4,2026-10-05T14:00:00Z,0.90623
SE4,2026-10-05T15:00:00Z,1.23451
SE4,2026-10-05T16:00:00Z,1.57206
SE4,2026-10-05T17:00:00Z,1.77229
SE4,2026-10-05T18:00:00Z,1.43028
SE4,2026-10-05T19:00:00Z,1.28642
SE4,2026-10-05T20:00:00Z,1.02843
SE4,2026-10-05T21:00:00Z,0.3971
SE4,2026-10-05T22:00:00Z,0.11662
SE4,2026-10-05T23:00:00Z,0.10707
SE4,2026-10-06T00:00:00Z,0.09903
SE4,2026-10-06T01:00:00Z,0.0908
SE4,2026-10-06T02:00:00Z,0.1155
SE4,2026-10-06T03:00:00Z,0.10465
SE4,2026-10-06T04:00:00Z,1.35022
SE4,2026-10-06T05:00:00Z,1.75842
SE4,2026-10-06T06:00:00Z,0.56825
SE4,2026-10-06T07:00:00Z,0.07587
SE4,2026-10-06T08:00:00Z,0.06226
SE4,2026-10-06T09:00:00Z,0.04036
SE4,2026-10-06T10:00:00Z,0.0393
SE4,2026-10-06T11:00:00Z,0.04343
SE4,2026-10-06T12:00:00Z,0.05136
SE4,2026-10-06T13:00:00Z,0.24048
SE4,2026-10-06T14:00:00Z,1.66232
SE4,2026-10-06T15:00:00Z,2.34812
SE4,2026-10-06T16:00:00Z,2.9722
SE4,2026-10-06T17:00:00Z,2.63242
SE4,2026-10-06T18:00:00Z,2.62912
SE4,2026-10-06T19:00:00Z,2.51984
SE4,2026-10-06T20:00:00Z,2.2121
SE4,2026-10-06T21:00:00Z,2.19082
