delivery_date,zone,hour_utc,forecast_sek_per_kwh,baseline_sek_per_kwh,model,made_at_utc
2026-10-05,SE1,2026-10-04T22:00:00Z,0.25212,0.11002,ridge,2026-10-04T13:50:07Z
2026-10-05,SE1,2026-10-04T23:00:00Z,0.25338,0.10524,ridge,2026-10-04T13:50:07Z
2026-10-05,SE1,2026-10-05T00:00:00Z,0.26184,0.11536,ridge,2026-10-04T13:50:07Z
2026-10-05,SE1,2026-10-05T01:00:00Z,0.27712,0.13566,ridge,2026-10-04T13:50:07Z
2026-10-05,SE1,2026-10-05T02:00:00Z,0.2878,0.15004,ridge,2026-10-04T13:50:07Z
2026-10-05,SE1,2026-10-05T03:00:00Z,0.30702,0.17578,ridge,2026-10-04T13:50:07Z
2026-10-05,SE1,2026-10-05T04:00:00Z,0.32262,0.19808,ridge,2026-10-04T13:50:07Z
2026-10-05,SE1,2026-10-05T05:00:00Z,0.37559,0.28476,ridge,2026-10-04T13:50:07Z
2026-10-05,SE1,2026-10-05T06:00:00Z,0.39802,0.31828,ridge,2026-10-04T13:50:07Z
2026-10-05,SE1,2026-10-05T07:00:00Z,0.40342,0.32337,ridge,2026-10-04T13:50:07Z
2026-10-05,SE1,2026-10-05T08:00:00Z,0.43893,0.37734,ridge,2026-10-04T13:50:07Z
2026-10-05,SE1,2026-10-05T09:00:00Z,0.44425,0.38687,ridge,2026-10-04T13:50:07Z
2026-10-05,SE1,2026-10-05T10:00:00Z,0.43527,0.37135,ridge,2026-10-04T13:50:07Z
2026-10-05,SE1,2026-10-05T11:00:00Z,0.41707,0.34074,ridge,2026-10-04T13:50:07Z
2026-10-05,SE1,2026-10-05T12:00:00Z,0.43848,0.37748,ridge,2026-10-04T13:50:07Z
2026-10-05,SE1,2026-10-05T13:00:00Z,0.43878,0.37882,ridge,2026-10-04T13:50:07Z
2026-10-05,SE1,2026-10-05T14:00:00Z,0.44045,0.38272,ridge,2026-10-04T13:50:07Z
2026-10-05,SE1,2026-10-05T15:00:00Z,0.43927,0.3867,ridge,2026-10-04T13:50:07Z
2026-10-05,SE1,2026-10-05T16:00:00Z,0.43518,0.37735,ridge,2026-10-04T13:50:07Z
2026-10-05,SE1,2026-10-05T17:00:00Z,0.38385,0.29216,ridge,2026-10-04T13:50:07Z
2026-10-05,SE1,2026-10-05T18:00:00Z,0.31493,0.18263,ridge,2026-10-04T13:50:07Z
2026-10-05,SE1,2026-10-05T19:00:00Z,0.28462,0.13085,ridge,2026-10-04T13:50:07Z
2026-10-05,SE1,2026-10-05T20:00:00Z,0.23658,0.05189,ridge,2026-10-04T13:50:07Z
2026-10-05,SE1,2026-10-05T21:00:00Z,0.22504,0.03176,ridge,2026-10-04T13:50:07Z
2026-10-05,SE2,2026-10-04T22:00:00Z,0.32854,0.19248,ridge,2026-10-04T13:50:07Z
2026-10-05,SE2,2026-10-04T23:00:00Z,0.32958,0.18584,ridge,2026-10-04T13:50:07Z
2026-10-05,SE2,2026-10-05T00:00:00Z,0.33645,0.19336,ridge,2026-10-04T13:50:07Z
2026-10-05,SE2,2026-10-05T01:00:00Z,0.34823,0.20789,ridge,2026-10-04T13:50:07Z
2026-10-05,SE2,2026-10-05T02:00:00Z,0.35098,0.20843,ridge,2026-10-04T13:50:07Z
2026-10-05,SE2,2026-10-05T03:00:00Z,0.36811,0.23129,ridge,2026-10-04T13:50:07Z
2026-10-05,SE2,2026-10-05T04:00:00Z,0.37646,0.23957,ridge,2026-10-04T13:50:07Z
2026-10-05,SE2,2026-10-05T05:00:00Z,0.39543,0.26407,ridge,2026-10-04T13:50:07Z
2026-10-05,SE2,2026-10-05T06:00:00Z,0.42777,0.31729,ridge,2026-10-04T13:50:07Z
2026-10-05,SE2,2026-10-05T07:00:00Z,0.43274,0.32224,ridge,2026-10-04T13:50:07Z
2026-10-05,SE2,2026-10-05T08:00:00Z,0.47644,0.39914,ridge,2026-10-04T13:50:07Z
2026-10-05,SE2,2026-10-05T09:00:00Z,0.48635,0.41787,ridge,2026-10-04T13:50:07Z
2026-10-05,SE2,2026-10-05T10:00:00Z,0.47226,0.39566,ridge,2026-10-04T13:50:07Z
2026-10-05,SE2,2026-10-05T11:00:00Z,0.44952,0.35658,ridge,2026-10-04T13:50:07Z
2026-10-05,SE2,2026-10-05T12:00:00Z,0.47562,0.40744,ridge,2026-10-04T13:50:07Z
2026-10-05,SE2,2026-10-05T13:00:00Z,0.47617,0.41058,ridge,2026-10-04T13:50:07Z
2026-10-05,SE2,2026-10-05T14:00:00Z,0.44481,0.36403,ridge,2026-10-04T13:50:07Z
2026-10-05,SE2,2026-10-05T15:00:00Z,0.41136,0.30519,ridge,2026-10-04T13:50:07Z
2026-10-05,SE2,2026-10-05T16:00:00Z,0.40463,0.28688,ridge,2026-10-04T13:50:07Z
2026-10-05,SE2,2026-10-05T17:00:00Z,0.34989,0.19495,ridge,2026-10-04T13:50:07Z
2026-10-05,SE2,2026-10-05T18:00:00Z,0.31008,0.12955,ridge,2026-10-04T13:50:07Z
2026-10-05,SE2,2026-10-05T19:00:00Z,0.30587,0.12116,ridge,2026-10-04T13:50:07Z
2026-10-05,SE2,2026-10-05T20:00:00Z,0.29955,0.11304,ridge,2026-10-04T13:50:07Z
2026-10-05,SE2,2026-10-05T21:00:00Z,0.27897,0.07715,ridge,2026-10-04T13:50:07Z
2026-10-05,SE3,2026-10-04T22:00:00Z,0.29563,0.02948,ridge,2026-10-04T13:50:07Z
2026-10-05,SE3,2026-10-04T23:00:00Z,0.2798,0.02193,ridge,2026-10-04T13:50:07Z
2026-10-05,SE3,2026-10-05T00:00:00Z,0.28307,0.02843,ridge,2026-10-04T13:50:07Z
2026-10-05,SE3,2026-10-05T01:00:00Z,0.33485,0.11305,ridge,2026-10-04T13:50:07Z
2026-10-05,SE3,2026-10-05T02:00:00Z,0.53402,0.44085,ridge,2026-10-04T13:50:07Z
2026-10-05,SE3,2026-10-05T03:00:00Z,0.636,0.57384,ridge,2026-10-04T13:50:07Z
2026-10-05,SE3,2026-10-05T04:00:00Z,0.65917,0.61912,ridge,2026-10-04T13:50:07Z
2026-10-05,SE3,2026-10-05T05:00:00Z,0.75857,0.65252,ridge,2026-10-04T13:50:07Z
2026-10-05,SE3,2026-10-05T06:00:00Z,0.8122,0.74352,ridge,2026-10-04T13:50:07Z
2026-10-05,SE3,2026-10-05T07:00:00Z,0.80635,0.76622,ridge,2026-10-04T13:50:07Z
2026-10-05,SE3,2026-10-05T08:00:00Z,0.77465,0.73219,ridge,2026-10-04T13:50:07Z
2026-10-05,SE3,2026-10-05T09:00:00Z,0.5884,0.44591,ridge,2026-10-04T13:50:07Z
2026-10-05,SE3,2026-10-05T10:00:00Z,0.5474,0.40111,ridge,2026-10-04T13:50:07Z
2026-10-05,SE3,2026-10-05T11:00:00Z,0.52451,0.36016,ridge,2026-10-04T13:50:07Z
2026-10-05,SE3,2026-10-05T12:00:00Z,0.57106,0.42491,ridge,2026-10-04T13:50:07Z
2026-10-05,SE3,2026-10-05T13:00:00Z,0.65573,0.53142,ridge,2026-10-04T13:50:07Z
2026-10-05,SE3,2026-10-05T14:00:00Z,0.91578,0.83515,ridge,2026-10-04T13:50:07Z
2026-10-05,SE3,2026-10-05T15:00:00Z,1.18178,1.12867,ridge,2026-10-04T13:50:07Z
2026-10-05,SE3,2026-10-05T16:00:00Z,1.21984,1.18706,ridge,2026-10-04T13:50:07Z
2026-10-05,SE3,2026-10-05T17:00:00Z,1.1233,1.0447,ridge,2026-10-04T13:50:07Z
2026-10-05,SE3,2026-10-05T18:00:00Z,0.85378,0.66716,ridge,2026-10-04T13:50:07Z
2026-10-05,SE3,2026-10-05T19:00:00Z,0.47223,0.1698,ridge,2026-10-04T13:50:07Z
2026-10-05,SE3,2026-10-05T20:00:00Z,0.33634,0.01351,ridge,2026-10-04T13:50:07Z
2026-10-05,SE3,2026-10-05T21:00:00Z,0.32827,0.00252,ridge,2026-10-04T13:50:07Z
2026-10-05,SE4,2026-10-04T22:00:00Z,1.11102,1.3209,ridge,2026-10-04T13:50:07Z
2026-10-05,SE4,2026-10-04T23:00:00Z,1.0789,1.2854,ridge,2026-10-04T13:50:07Z
2026-10-05,SE4,2026-10-05T00:00:00Z,1.05222,1.25254,ridge,2026-10-04T13:50:07Z
2026-10-05,SE4,2026-10-05T01:00:00Z,1.06937,1.27571,ridge,2026-10-04T13:50:07Z
2026-10-05,SE4,2026-10-05T02:00:00Z,1.17988,1.46323,ridge,2026-10-04T13:50:07Z
2026-10-05,SE4,2026-10-05T03:00:00Z,1.29153,1.58283,ridge,2026-10-04T13:50:07Z
2026-10-05,SE4,2026-10-05T04:00:00Z,1.52418,1.66521,ridge,2026-10-04T13:50:07Z
2026-10-05,SE4,2026-10-05T05:00:00Z,1.60196,1.68202,ridge,2026-10-04T13:50:07Z
2026-10-05,SE4,2026-10-05T06:00:00Z,1.62764,1.71747,ridge,2026-10-04T13:50:07Z
2026-10-05,SE4,2026-10-05T07:00:00Z,1.37732,1.40783,ridge,2026-10-04T13:50:07Z
2026-10-05,SE4,2026-10-05T08:00:00Z,1.18551,1.19819,ridge,2026-10-04T13:50:07Z
2026-10-05,SE4,2026-10-05T09:00:00Z,0.72795,0.53058,ridge,2026-10-04T13:50:07Z
2026-10-05,SE4,2026-10-05T10:00:00Z,0.59726,0.40998,ridge,2026-10-04T13:50:07Z
2026-10-05,SE4,2026-10-05T11:00:00Z,0.57961,0.3659,ridge,2026-10-04T13:50:07Z
2026-10-05,SE4,2026-10-05T12:00:00Z,0.66884,0.47926,ridge,2026-10-04T13:50:07Z
2026-10-05,SE4,2026-10-05T13:00:00Z,0.98717,0.89735,ridge,2026-10-04T13:50:07Z
2026-10-05,SE4,2026-10-05T14:00:00Z,1.44808,1.47408,ridge,2026-10-04T13:50:07Z
2026-10-05,SE4,2026-10-05T15:00:00Z,1.82558,1.88771,ridge,2026-10-04T13:50:07Z
2026-10-05,SE4,2026-10-05T16:00:00Z,2.03842,2.05962,ridge,2026-10-04T13:50:07Z
2026-10-05,SE4,2026-10-05T17:00:00Z,2.11653,2.12541,ridge,2026-10-04T13:50:07Z
2026-10-05,SE4,2026-10-05T18:00:00Z,1.92747,1.96549,ridge,2026-10-04T13:50:07Z
2026-10-05,SE4,2026-10-05T19:00:00Z,1.58514,1.55522,ridge,2026-10-04T13:50:07Z
2026-10-05,SE4,2026-10-05T20:00:00Z,1.47259,1.45413,ridge,2026-10-04T13:50:07Z
2026-10-05,SE4,2026-10-05T21:00:00Z,1.35234,1.30231,ridge,2026-10-04T13:50:07Z
