zone,plan,paid_sek_per_kwh,saving_pct,days_won,days_lost,days,gain_low,gain_high,verdict,hours,first_day,last_day
SE1,no_planning,0.3739,0.0,,,180,,,,4,2026-04-09,2026-10-05
SE1,yesterdays_hours,0.2903,22.4,,,180,,,,4,2026-04-09,2026-10-05
SE1,forecast_hours,0.2916,22.0,50,49,180,-0.0134,0.0106,not proven,4,2026-04-09,2026-10-05
SE1,perfect_hours,0.1831,51.0,,,180,,,,4,2026-04-09,2026-10-05
SE2,no_planning,0.4,0.0,,,180,,,,4,2026-04-09,2026-10-05
SE2,yesterdays_hours,0.3153,21.2,,,180,,,,4,2026-04-09,2026-10-05
SE2,forecast_hours,0.3176,20.6,57,52,180,-0.0153,0.0099,not proven,4,2026-04-09,2026-10-05
SE2,perfect_hours,0.1956,51.1,,,180,,,,4,2026-04-09,2026-10-05
SE3,no_planning,0.7064,0.0,,,180,,,,4,2026-04-09,2026-10-05
SE3,yesterdays_hours,0.4391,37.8,,,180,,,,4,2026-04-09,2026-10-05
SE3,forecast_hours,0.4191,40.7,70,28,180,0.005,0.0362,beats baseline,4,2026-04-09,2026-10-05
SE3,perfect_hours,0.3268,53.7,,,180,,,,4,2026-04-09,2026-10-05
SE4,no_planning,0.9518,0.0,,,180,,,,4,2026-04-09,2026-10-05
SE4,yesterdays_hours,0.5334,44.0,,,180,,,,4,2026-04-09,2026-10-05
SE4,forecast_hours,0.4966,47.8,66,25,180,0.0096,0.0659,beats baseline,4,2026-04-09,2026-10-05
SE4,perfect_hours,0.3852,59.5,,,180,,,,4,2026-04-09,2026-10-05
