delivery_date,zone,hours,mae_model,mae_baseline,model_won
2026-10-05,SE1,24,0.2787,0.1734,0
2026-10-05,SE2,24,0.2743,0.1495,0
2026-10-05,SE3,24,0.5709,0.4238,0
2026-10-05,SE4,24,0.3695,0.3828,1
2026-10-06,SE1,24,0.2264,0.0668,0
2026-10-06,SE2,24,0.2694,0.099,0
2026-10-06,SE3,24,0.4856,0.4649,0
2026-10-06,SE4,24,0.8223,0.7747,0
2026-10-07,SE1,24,0.1313,0.167,1
2026-10-07,SE2,24,0.1229,0.191,1
2026-10-07,SE3,24,0.5151,0.7943,1
2026-10-07,SE4,24,1.0744,1.3284,1
2026-10-09,SE1,24,0.3546,0.7136,1
2026-10-09,SE2,24,0.3727,0.7692,1
2026-10-09,SE3,24,0.7253,0.9598,1
2026-10-09,SE4,24,0.9507,1.047,1
2026-10-10,SE1,24,0.1514,0.0726,0
2026-10-10,SE2,24,0.1602,0.0808,0
2026-10-10,SE3,24,0.0677,0.0537,0
2026-10-10,SE4,24,0.1797,0.1317,0
